Star_ID,Stellar Distance (parsecs),Stellar Effective Temperature (Kelvin),Stellar Effective Radius (solar radii),TESS Object of Interest Registered,Exoplanet_Actual
TIC 198108326,142.7510000,4652.8700000,0.7000000,2020-05-07 18:04:46,1
TIC 327577308,78.9495000,4475.0000000,0.7000000,2020-06-19 07:20:04,0
TIC 436575927,98.0152000,4197.0000000,0.7000000,2024-04-25 22:44:01,1
TIC 62483237,42.4061000,4356.0000000,0.7007270,2018-09-05 18:51:57,1
TIC 251848941,62.6990000,4111.0000000,0.7012020,2018-11-03 00:53:39,1
TIC 75262942,305.3000000,4051.0000000,0.7013690,2021-10-07 00:18:57,1
TIC 381856447,91.2990000,4683.0000000,0.7017950,2020-09-18 16:26:02,1
TIC 388811663,109.2180000,4147.0000000,0.7066320,2022-02-08 21:10:13,1
TIC 59003115,146.9050000,5062.0000000,0.7074450,2019-04-03 17:54:53,0
TIC 14570099,105.5800000,4678.0000000,0.7099270,2022-05-17 20:08:56,1
TIC 198390247,78.7415000,4920.0000000,0.7100000,2019-11-14 17:11:15,1
TIC 198390247,78.7415000,4920.0000000,0.7100000,2020-02-21 21:35:16,1
TIC 233541860,44.3531000,4154.0000000,0.7100000,2019-12-05 21:41:09,0
TIC 279741379,16.3200000,4628.5300000,0.7100000,2018-12-04 21:48:30,1
TIC 279741379,16.3200000,4628.5300000,0.7100000,2020-07-09 13:30:18,1
TIC 230386397,95.3985000,4316.0000000,0.7100000,2020-07-15 20:44:32,0
TIC 98494121,123.7960000,5285.0000000,0.7100000,2020-09-18 21:10:23,0
TIC 418761354,115.4610000,4542.0000000,0.7100000,2021-10-21 22:57:22,1
TIC 29374525,151.8940000,4689.0000000,0.7100000,2022-04-20 18:22:48,0
TIC 166833457,281.7420000,5473.0000000,0.7186350,2019-02-08 20:04:48,1
TIC 301235044,61.8736000,4477.0000000,0.7200000,2023-12-07 19:23:07,1
TIC 458589703,114.7650000,4654.2000000,0.7200000,2019-05-02 15:06:42,0
TIC 150151262,58.6212000,4504.0000000,0.7200000,2019-05-20 19:32:04,1
TIC 150151262,58.6212000,4504.0000000,0.7200000,2019-05-24 15:31:12,1
TIC 150151262,58.6212000,4504.0000000,0.7200000,2021-07-08 23:15:53,1
TIC 337129672,75.3511000,4358.0000000,0.7224500,2021-11-19 01:05:03,0
TIC 31374837,32.5686000,4891.0000000,0.7266320,2019-02-08 16:19:52,1
TIC 31374837,32.5686000,4891.0000000,0.7266320,2019-06-06 20:53:59,1
TIC 10837041,59.5362000,4099.0000000,0.7276420,2020-11-24 20:55:50,1
TIC 193641523,63.9262000,4452.0000000,0.7296350,2019-06-17 17:15:52,1
TIC 425561347,70.9015000,4882.7000000,0.7298180,2020-09-18 19:18:08,1
TIC 405862830,97.8115000,5034.0000000,0.7300000,2019-08-22 14:42:11,0
TIC 429302040,64.7414000,4233.2000000,0.7300000,2020-05-29 17:45:53,1
TIC 29959761,178.9990000,5027.0000000,0.7300000,2020-10-23 19:58:26,0
TIC 271167979,287.2440000,4769.0000000,0.7300000,2021-06-23 15:11:41,0
TIC 1101909431,222.9500000,4742.0000000,0.7300000,2021-06-23 15:24:11,0
TIC 307956396,268.5080000,4460.0000000,0.7300000,2021-06-23 15:26:02,0
TIC 167754523,53.3027000,4913.8000000,0.7300000,2019-01-16 19:24:29,0
TIC 418971787,282.4690000,4963.0000000,0.7300000,2021-12-21 22:31:51,0
TIC 399954349,153.6760000,4837.0000000,0.7311460,2021-11-01 23:15:50,1
TIC 399954349,153.6760000,4837.0000000,0.7311460,2023-03-23 19:50:43,1
TIC 318753380,23.9258000,4214.4400000,0.7321150,2021-01-06 21:28:53,1
TIC 407126408,65.1769000,4948.0000000,0.7325350,2019-07-15 19:20:13,1
TIC 318209162,85.5353000,4661.5600000,0.7326480,2022-09-01 23:33:03,0
TIC 123357864,107.7960000,4816.0000000,0.7329950,2022-12-01 23:01:00,1
TIC 374180079,77.5586000,4362.0000000,0.7337890,2022-04-20 20:43:54,1
TIC 374180079,77.5586000,4362.0000000,0.7337890,2022-04-20 20:43:53,1
TIC 332022997,123.4380000,4783.6000000,0.7353450,2022-02-08 22:06:13,1
TIC 332022997,123.4380000,4783.6000000,0.7353450,2022-01-25 22:18:25,1
TIC 79748331,68.0726000,4803.0000000,0.7371890,2019-08-16 20:20:42,1
TIC 79748331,68.0726000,4803.0000000,0.7371890,2019-08-16 20:20:42,1
TIC 123309556,191.9040000,4715.0000000,0.7395150,2022-12-01 23:01:00,1
TIC 254113311,58.2609000,4236.0000000,0.7400000,2019-08-22 14:42:11,1
TIC 180695581,42.5775000,4612.9900000,0.7400000,2020-04-15 12:38:54,1
TIC 437704321,159.5220000,4279.0000000,0.7400000,2021-10-21 22:57:22,1
TIC 268371979,6862.3900000,4538.0000000,0.7400000,2019-07-24 15:58:33,0
TIC 21744120,161.4000000,4790.0000000,0.7401130,2020-07-29 05:13:34,1
TIC 209752908,565.5410000,4355.0000000,0.7407120,2021-10-07 00:18:59,1
TIC 254113311,58.2609000,4236.0000000,0.7419210,2019-09-03 17:42:04,1
TIC 4646810,45.5621000,4884.0000000,0.7441300,2019-02-08 19:54:07,1
TIC 366622912,442.8130000,4973.0000000,0.7495600,2019-03-22 22:54:00,1
TIC 283722336,6.5312700,4884.2900000,0.7500000,2019-12-05 16:42:06,1
TIC 332660287,246.5680000,4967.0000000,0.7500000,2021-06-03 21:39:02,0
TIC 305512837,234.7210000,4653.0000000,0.7500000,2021-06-04 14:05:42,0
TIC 238162973,282.5940000,4427.0000000,0.7500000,2021-06-16 22:56:33,0
TIC 284747017,145.7590000,4570.0000000,0.7500000,2021-06-23 15:18:29,0
TIC 114103136,695.7800000,3901.0000000,0.7500000,2021-07-12 14:39:21,0
TIC 117979694,103.6900000,5059.0000000,0.7500000,2019-02-08 16:19:52,0
TIC 610976842,232.8010000,4492.0000000,0.7500000,2021-10-21 22:57:24,1
TIC 71401634,320.9010000,4886.0000000,0.7500000,2021-12-21 00:33:11,0
TIC 241102583,271.3460000,5362.8000000,0.7500000,2022-02-28 23:25:42,0
TIC 368739874,306.7790000,5013.0000000,0.7500000,2022-07-14 20:57:21,1
TIC 161687209,196.5930000,4220.0000000,0.7500000,2024-10-24 17:30:22,0
TIC 431701493,140.9980000,4713.9800000,0.7503410,2022-11-16 01:06:43,1
TIC 283722336,6.5312700,4884.2900000,0.7505980,2019-12-05 16:42:06,1
TIC 134200185,47.3924000,4590.0000000,0.7518250,2019-03-08 14:44:08,1
TIC 176868951,152.5090000,5129.0000000,0.7557220,2022-04-20 21:11:33,1
TIC 148673433,89.6370000,4590.0000000,0.7575210,2022-08-18 20:03:38,1
TIC 36734222,86.7467000,4400.0000000,0.7576490,2019-05-07 15:39:33,1
TIC 91051152,115.9360000,4302.0000000,0.7586080,2022-11-16 01:06:43,1
TIC 243014114,99.9293000,4246.8000000,0.7588920,2021-10-21 22:56:06,1
TIC 284326455,143.6510000,4133.4000000,0.7593750,2021-11-09 21:10:49,1
TIC 28230919,37.7647000,4757.3000000,0.7600000,2019-08-27 16:09:25,1
TIC 159873822,116.5670000,5021.6000000,0.7600000,2020-06-19 07:20:04,1
TIC 275562670,409.5040000,5985.0000000,0.7600000,2021-06-16 23:32:20,0
TIC 237235093,185.2500000,5221.0000000,0.7600000,2021-06-23 15:28:22,0
TIC 466382581,84.0126000,5134.0000000,0.7600000,2022-10-12 17:37:19,1
TIC 121490076,46.2122000,4760.0000000,0.7600000,2023-10-18 20:59:46,1
TIC 201248411,61.7856000,4486.0000000,0.7644010,2018-10-22 19:57:31,1
TIC 288735205,118.1060000,4699.0000000,0.7650010,2019-10-17 00:30:12,1
TIC 38087018,495.3170000,4377.0000000,0.7664950,2022-01-25 22:30:56,1
TIC 201642601,263.6090000,4351.0000000,0.7670100,2019-08-16 20:20:44,1
TIC 33878688,144.1330000,5168.3300000,0.7700000,2019-08-26 21:36:08,0
TIC 236887394,185.6150000,4910.0000000,0.7700000,2019-12-05 16:42:06,1
TIC 82308728,21.5618000,5120.0000000,0.7700000,2020-04-17 11:50:39,1
TIC 27491137,41.9091000,5149.6000000,0.7700000,2020-07-15 20:44:30,1
TIC 27491137,41.9091000,5149.6000000,0.7700000,2023-02-23 20:51:48,1
TIC 9006668,80.5407000,5024.0000000,0.7700000,2018-11-29 21:52:42,1
TIC 149918151,213.7710000,4234.0000000,0.7700000,2021-06-23 15:20:59,1
TIC 262715204,154.9610000,5144.5000000,0.7700000,2021-10-21 22:57:23,1
TIC 262715204,154.9610000,5144.5000000,0.7700000,2021-10-21 22:57:22,1
TIC 18310799,59.2474000,4230.6000000,0.7700000,2022-01-06 23:39:44,1
TIC 422618449,62.4491000,5013.7000000,0.7700000,2023-12-07 19:23:31,1
TIC 376981340,220.7610000,4492.0000000,0.7704970,2021-10-21 22:56:08,0
TIC 311133118,100.8480000,4906.0000000,0.7710860,2022-07-07 18:50:04,1
TIC 27491137,41.9091000,5149.6000000,0.7721480,2020-07-15 20:44:30,1
TIC 281541545,324.4130000,4247.0000000,0.7755480,2023-10-18 20:59:29,1
TIC 256364928,19.7638000,5023.0000000,0.7764840,2021-10-07 00:18:57,1
TIC 293954617,41.1706000,5064.0000000,0.7800000,2019-11-14 17:07:14,1
TIC 264678534,28.2938000,5071.0000000,0.7800000,2019-12-19 20:58:22,1
TIC 62530991,89.4090000,5276.5000000,0.7800000,2021-03-24 23:38:13,0
TIC 277103955,52.1472000,4779.8000000,0.7800000,2019-01-16 19:24:28,0
TIC 112037203,277.7180000,4486.0000000,0.7800000,2021-06-04 13:54:32,0
TIC 55748194,,5268.7000000,0.7800000,2021-06-23 15:22:05,0
TIC 445822015,108.5130000,4841.3000000,0.7800000,2019-05-07 15:39:33,0
TIC 220029715,240.7070000,4944.0000000,0.7819590,2019-06-17 17:15:52,1
TIC 1528696,308.2620000,4669.0000000,0.7828880,2019-02-08 16:19:52,1
TIC 122596693,686.2840000,5003.0500000,0.7837680,2021-09-09 19:53:44,1
TIC 160390955,197.9060000,4864.0000000,0.7857990,2021-06-23 15:11:43,1
TIC 154716798,126.9030000,5217.0000000,0.7894250,2019-10-17 00:30:12,1
TIC 127530399,122.9100000,4775.0000000,0.7898770,2019-06-17 17:15:51,1
TIC 127530399,122.9100000,4775.0000000,0.7898770,2021-10-28 01:48:14,1
TIC 389182138,115.7460000,5256.0000000,0.7900000,2019-10-30 21:47:37,0
TIC 382302241,137.5040000,5037.6000000,0.7900000,2018-09-05 18:34:59,0
TIC 27677846,78.7137000,5304.0000000,0.7900000,2020-01-29 22:18:55,0
TIC 219366908,344.1600000,5508.0000000,0.7900000,2021-06-03 21:32:56,0
TIC 188570092,127.5890000,4521.0000000,0.7900000,2018-12-20 19:43:30,1
TIC 137157546,204.6390000,4939.0000000,0.7900000,2021-06-23 15:28:29,0
TIC 144193715,108.9320000,5015.0000000,0.7900000,2021-07-19 00:13:44,1
TIC 366631954,154.8300000,5069.2000000,0.7900000,2022-01-06 23:39:35,1
TIC 115564354,205.7190000,5627.0000000,0.7900000,2022-04-20 18:22:38,0
TIC 432422552,243.5930000,5294.0000000,0.7900000,2023-04-03 20:51:23,0
TIC 248075138,177.2910000,5315.0000000,0.7900000,2019-06-11 20:03:40,1
TIC 33690636,123.9970000,4696.0000000,0.7900000,2019-07-12 19:27:36,0
TIC 164652245,63.9207000,5391.0000000,0.7913700,2022-12-01 22:59:55,1
TIC 279982557,198.3450000,5264.0000000,0.7915240,2020-07-15 20:44:32,0
TIC 14661418,229.5180000,4803.0000000,0.7932350,2019-06-11 20:03:40,1
TIC 435339847,141.7310000,4865.6000000,0.7934760,2021-10-21 22:57:23,1
TIC 179034327,57.3973000,5229.0000000,0.7944710,2019-05-17 18:40:33,1
TIC 63189173,202.1520000,4221.5400000,0.7945840,2022-01-06 23:46:13,1
TIC 48451130,436.2570000,4815.0000000,0.7951180,2021-11-01 23:15:39,1
TIC 267650535,202.0780000,5007.0000000,0.7956960,2021-06-23 15:16:39,1
TIC 290348383,23.6060000,4867.0000000,0.8000000,2019-08-16 20:20:46,1
TIC 158025009,55.0135000,4946.0000000,0.8000000,2019-11-06 20:55:18,1
TIC 65347776,135.1010000,5095.0000000,0.8000000,2020-11-25 22:47:02,0
TIC 106224626,380.5320000,4874.0000000,0.8000000,2021-06-23 15:11:37,0
TIC 240823272,176.4360000,5211.0000000,0.8000000,2021-06-23 15:17:53,1
TIC 300013921,144.0670000,5379.0000000,0.8000000,2019-06-14 18:35:01,0
TIC 159244568,151.1030000,5244.0000000,0.8007410,2020-07-15 20:44:30,0
TIC 55652896,177.9450000,5025.7700000,0.8017360,2019-05-07 17:42:36,1
TIC 55652896,177.9450000,5025.7700000,0.8017360,2019-05-07 17:42:36,1
TIC 207141131,38.5653000,5058.0000000,0.8026330,2018-12-20 17:24:11,1
TIC 260476837,282.2030000,4814.0000000,0.8041490,2019-07-15 19:20:08,0
TIC 76923707,96.2338000,4983.0000000,0.8055730,2018-11-03 00:36:48,1
TIC 281979481,113.3780000,5181.0000000,0.8072980,2018-11-30 22:06:25,0
TIC 289793076,421.8550000,5523.0000000,0.8098680,2018-09-05 18:49:20,1
TIC 417948359,137.5720000,4972.7000000,0.8100000,2019-10-17 00:30:12,1
TIC 376524552,128.2300000,4719.0000000,0.8100000,2020-04-15 12:38:54,1
TIC 366563452,73.1018000,5028.0000000,0.8100000,2020-08-10 17:26:49,0
TIC 234282389,541.4310000,5458.0000000,0.8100000,2021-04-12 21:05:05,0
TIC 36574157,334.9700000,5112.0000000,0.8100000,2021-06-03 22:07:25,0
TIC 86451883,378.9060000,4896.0000000,0.8100000,2021-06-23 15:10:46,0
TIC 193708920,289.3090000,5791.1000000,0.8100000,2021-06-23 15:11:42,0
TIC 69672493,77.3109000,5125.0000000,0.8100000,2022-01-06 23:39:40,0
TIC 150247134,726.8800000,5031.0000000,0.8100000,2019-05-24 15:54:20,0
TIC 299087490,442.8710000,5439.4900000,0.8100430,2022-12-01 23:00:53,1
TIC 56399553,178.4750000,5387.0600000,0.8171140,2021-11-09 21:10:52,1
TIC 915110182,566.4590000,4588.0000000,0.8175440,2023-06-29 17:44:39,1
TIC 204376737,197.1190000,5375.0000000,0.8177050,2018-11-29 21:52:42,1
TIC 396740648,124.6800000,5058.0000000,0.8183300,2020-01-30 21:16:42,1
TIC 308307606,416.2170000,5522.0000000,0.8191960,2019-03-18 17:05:11,0
TIC 311035838,134.5540000,5224.0000000,0.8200000,2019-11-06 20:55:18,1
TIC 282091493,388.4950000,4809.0000000,0.8200000,2021-06-16 23:32:19,0
TIC 280437559,77.2554000,4249.1000000,0.8200000,2019-07-24 15:58:33,1
TIC 116264089,231.3370000,5489.0000000,0.8201810,2020-07-29 05:13:33,1
TIC 440113053,329.0360000,5090.0000000,0.8205380,2021-06-23 15:16:38,1
TIC 85593751,124.7300000,4926.0000000,0.8206400,2021-10-21 22:56:07,1
TIC 16920150,101.3580000,5219.0000000,0.8220400,2019-12-05 16:42:06,0
TIC 358107516,235.9330000,5064.0000000,0.8238830,2020-09-18 16:26:02,1
TIC 149601126,395.3980000,4944.0000000,0.8242840,2021-03-02 22:57:47,1
TIC 149601126,395.3980000,4944.0000000,0.8242840,2021-03-02 22:57:47,1
TIC 13499636,138.5910000,5518.0000000,0.8247340,2019-10-17 00:30:12,0
TIC 237200747,171.1380000,5056.6000000,0.8300000,2019-10-17 00:30:12,0
TIC 54002556,190.4220000,5076.0000000,0.8300000,2020-05-08 14:39:00,1
TIC 29830212,396.6370000,4884.0000000,0.8300000,2021-05-04 20:03:21,0
TIC 429414530,,5163.2000000,0.8300000,2021-06-23 15:16:43,0
TIC 373729723,257.5670000,5268.9000000,0.8300000,2022-06-02 21:09:11,0
TIC 179155220,127.5660000,5146.2000000,0.8300000,2019-07-24 15:58:33,0
TIC 232608943,216.0560000,5073.0000000,0.8319150,2021-11-02 00:08:06,1
TIC 232608943,216.0560000,5073.0000000,0.8319150,2023-08-15 20:53:30,1
TIC 122441491,646.6470000,5211.3600000,0.8326310,2021-10-07 00:18:58,1
TIC 294780517,215.2080000,5107.9800000,0.8358070,2019-06-14 18:35:01,0
TIC 149969625,134.5910000,5141.6700000,0.8376060,2022-02-08 22:13:12,1
TIC 161477033,108.1590000,5465.0000000,0.8398540,2019-02-26 16:21:07,0
TIC 266593143,92.3831000,5336.9600000,0.8400000,2019-10-17 00:30:12,1
TIC 229770036,101.7130000,4567.0000000,0.8400000,2019-10-30 21:47:36,0
TIC 73540072,165.1050000,4968.8000000,0.8400000,2020-05-08 16:49:52,1
TIC 100589632,139.5460000,4794.0000000,0.8400000,2020-10-23 19:58:27,0
TIC 350293646,100.5880000,5238.0000000,0.8400000,2021-03-11 23:41:58,1
TIC 350293646,100.5880000,5238.0000000,0.8400000,2023-03-23 19:51:58,1
TIC 175476629,380.0530000,5349.5000000,0.8400000,2018-12-20 19:43:30,0
TIC 377165123,359.6430000,5095.0000000,0.8400000,2021-06-23 15:28:32,0
TIC 377064495,85.7990000,5391.0000000,0.8400000,2019-04-13 04:39:13,1
TIC 377064495,85.7990000,5391.0000000,0.8400000,2019-04-13 04:39:13,1
TIC 189013222,112.6110000,5136.1000000,0.8400000,2019-07-24 14:30:01,0
TIC 281885301,289.8270000,5322.0000000,0.8404760,2022-01-25 22:31:00,1
TIC 377064495,85.7990000,5391.0000000,0.8405760,2019-04-13 04:39:13,1
TIC 377064495,85.7990000,5391.0000000,0.8405760,2024-11-14 22:34:13,1
TIC 37770169,130.4600000,5418.0000000,0.8409710,2019-02-27 22:16:31,1
TIC 120896927,44.8155000,5175.2000000,0.8418420,2019-01-31 17:54:46,1
TIC 120896927,44.8155000,5175.2000000,0.8418420,2019-01-31 17:54:46,1
TIC 150151262,58.6212000,4504.0000000,0.8426450,2019-05-24 15:31:12,0
TIC 178284730,117.5980000,5260.0000000,0.8443790,2019-06-06 20:53:59,1
TIC 159951311,212.4720000,5310.0000000,0.8466710,2019-06-06 20:53:59,1
TIC 270380593,122.0660000,4910.0000000,0.8473800,2019-02-08 19:54:07,1
TIC 439842788,176.8180000,5082.0000000,0.8483940,2021-10-21 22:56:07,1
TIC 70513361,43.9320000,5302.5800000,0.8486750,2018-11-30 22:06:23,1
TIC 52368076,111.0590000,5154.0000000,0.8500000,2018-10-19 23:49:42,1
TIC 52368076,111.0590000,5154.0000000,0.8500000,2018-10-19 23:49:42,1
TIC 52368076,111.0590000,5154.0000000,0.8500000,2018-10-19 23:49:42,1
TIC 408159788,145.4070000,5747.3000000,0.8500000,2019-02-08 16:19:52,0
TIC 303432813,82.8570000,4794.4000000,0.8500000,2022-01-06 23:39:39,1
TIC 388624270,105.6770000,5690.0000000,0.8538980,2019-06-11 14:45:00,0
TIC 374530847,153.2420000,5147.0000000,0.8546700,2022-09-22 22:57:15,1
TIC 257605131,123.7390000,5481.0000000,0.8562260,2019-01-31 16:53:30,1
TIC 257605131,123.7390000,5481.0000000,0.8562260,2021-07-28 20:17:26,1
TIC 257605131,123.7390000,5481.0000000,0.8562260,2021-07-28 20:17:26,1
TIC 427685831,174.8180000,5087.0000000,0.8568410,2024-11-14 22:37:14,1
TIC 120757718,159.6580000,5242.8200000,0.8573690,2019-10-17 00:30:12,1
TIC 153949511,100.7720000,5544.0000000,0.8576480,2019-10-17 00:30:12,0
TIC 268766053,201.3380000,4953.0000000,0.8586190,2018-11-30 22:06:25,1
TIC 420779000,141.8370000,5061.9000000,0.8597780,2022-06-02 21:08:18,1
TIC 259151170,86.1112000,4503.5000000,0.8600000,2019-12-19 20:58:20,0
TIC 12036590,107.2560000,4405.0000000,0.8600000,2021-04-07 21:46:04,0
TIC 435861696,,5400.1000000,0.8600000,2021-06-23 15:16:42,0
TIC 393251073,216.1600000,5279.0000000,0.8600000,2021-06-23 15:20:14,0
TIC 279947414,205.3870000,5421.0000000,0.8600000,2021-06-23 15:28:29,1
TIC 7020254,413.5910000,5742.0000000,0.8600000,2021-07-19 00:13:44,1
TIC 436875934,361.1550000,5032.0800000,0.8600000,2021-10-21 22:56:07,1
TIC 197643976,322.1480000,5222.0000000,0.8600000,2023-11-02 22:52:17,1
TIC 4610830,202.5850000,5281.0000000,0.8600000,2023-12-07 19:23:07,1
TIC 58474992,232.7910000,5677.8000000,0.8600000,2024-02-29 23:27:22,0
TIC 326470400,108.2000000,5659.0000000,0.8600000,2024-11-14 21:37:44,0
TIC 94986319,74.7969000,5718.0000000,0.8601240,2019-05-17 18:40:33,1
TIC 94986319,74.7969000,5718.0000000,0.8601240,2021-10-21 22:08:38,1
TIC 143143769,280.5550000,5111.9000000,0.8602560,2020-05-29 17:45:53,1
TIC 425817867,274.9600000,5443.0000000,0.8639220,2023-09-21 21:35:30,1
TIC 260647166,64.5978000,5723.8700000,0.8641730,2019-08-26 19:21:33,1
TIC 260647166,64.5978000,5723.8700000,0.8641730,2019-08-26 19:21:33,1
TIC 260647166,64.5978000,5723.8700000,0.8641730,2019-08-26 19:21:33,1
TIC 260647166,64.5978000,5723.8700000,0.8641730,2019-08-26 19:21:33,1
TIC 461239485,199.1730000,5316.0000000,0.8646730,2022-07-07 18:50:02,1
TIC 120692092,658.9240000,5410.0000000,0.8659850,2022-12-01 23:00:54,1
TIC 267572272,390.5940000,5477.0000000,0.8673680,2021-10-07 00:19:00,1
TIC 237222864,65.9501000,5126.0000000,0.8700000,2019-10-17 00:30:12,1
TIC 167098530,73.6326000,5159.2000000,0.8700000,2019-10-17 00:30:12,0
TIC 304142124,36.9941000,5175.0000000,0.8700000,2020-03-16 09:31:24,1
TIC 32949762,288.3260000,5160.0000000,0.8700000,2021-02-03 22:59:12,1
TIC 374778982,441.6140000,5097.0000000,0.8700000,2021-06-23 15:17:48,0
TIC 139285736,244.2710000,5039.5000000,0.8700000,2018-12-20 19:43:30,0
TIC 20303110,,5477.2000000,0.8700000,2021-06-23 15:24:20,0
TIC 236775063,427.2990000,5406.0000000,0.8700000,2021-06-23 15:26:03,0
TIC 117275513,201.8560000,4954.0000000,0.8700000,2022-01-06 23:39:35,1
TIC 326453034,365.0530000,5063.0000000,0.8723700,2018-11-29 21:52:42,0
TIC 382391899,184.8480000,5400.0000000,0.8734180,2019-02-08 20:04:48,1
TIC 456862677,193.4990000,5420.8200000,0.8740780,2021-10-21 22:56:07,1
TIC 120610833,211.1960000,5100.0000000,0.8747060,2018-11-29 21:52:42,1
TIC 139733308,246.3840000,5258.0000000,0.8755100,2019-02-08 16:19:52,1
TIC 366576758,475.7580000,5027.0000000,0.8759360,2019-03-22 22:54:00,1
TIC 230127302,169.4220000,5141.0000000,0.8761540,2019-10-17 00:30:12,1
TIC 230127302,169.4220000,5141.0000000,0.8761540,2019-10-17 00:30:12,1
TIC 230127302,169.4220000,5141.0000000,0.8761540,2019-11-15 23:57:09,1
TIC 230127302,169.4220000,5141.0000000,0.8761540,2020-07-16 04:56:45,1
TIC 281541555,453.8080000,5377.0000000,0.8775850,2018-10-22 18:35:28,1
TIC 248853232,49.9605000,4746.0000000,0.8775910,2022-10-12 18:12:36,1
TIC 78055054,362.2730000,5175.0000000,0.8778560,2019-06-06 20:53:59,1
TIC 309792357,102.2700000,5350.0000000,0.8800000,2018-12-04 21:48:38,1
TIC 150098860,90.7402000,5272.7100000,0.8800000,2019-05-07 17:42:37,1
TIC 98286422,404.2020000,5306.0000000,0.8800000,2021-06-04 00:47:27,0
TIC 188593930,379.2560000,5912.5000000,0.8800000,2018-12-20 19:43:30,0
TIC 398943781,163.3710000,5545.0000000,0.8800000,2019-06-11 20:03:40,1
TIC 352682207,177.5040000,4888.0000000,0.8802130,2021-06-23 15:25:55,1
TIC 352682207,177.5040000,4888.0000000,0.8802130,2021-06-23 15:25:55,1
TIC 352682207,177.5040000,4888.0000000,0.8802130,2021-07-08 23:10:26,1
TIC 119292328,67.3975000,5581.0000000,0.8826750,2019-03-18 17:05:03,1
TIC 467971286,414.5370000,5103.0000000,0.8834260,2020-09-18 16:26:02,1
TIC 271749758,587.9100000,5165.0000000,0.8856290,2024-04-03 22:50:32,1
TIC 32499655,446.0350000,4860.0000000,0.8857020,2019-06-06 20:53:59,1
TIC 170102285,207.4900000,5150.0000000,0.8872700,2019-02-27 22:16:31,1
TIC 26078330,214.7530000,5888.0000000,0.8893470,2024-05-30 23:28:24,1
TIC 299799658,82.1733000,5394.0000000,0.8900000,2019-08-16 20:20:47,1
TIC 371210825,103.1070000,4252.9000000,0.8900000,2020-02-19 00:44:40,0
TIC 290302097,363.6320000,5301.0000000,0.8900000,2021-06-04 01:29:23,0
TIC 175079720,343.2100000,5786.0000000,0.8900000,2021-06-16 22:56:25,0
TIC 29117085,188.2940000,5373.8000000,0.8900000,2021-06-23 15:20:13,0
TIC 335489455,359.8300000,5814.0000000,0.8900000,2021-06-23 15:24:15,0
TIC 420803693,228.5900000,5987.0000000,0.8900000,2021-06-23 15:28:27,0
TIC 126357909,591.3820000,5699.0000000,0.8900000,2021-07-12 14:39:23,0
TIC 363548415,249.6450000,5231.0000000,0.8900000,2022-02-08 22:12:16,1
TIC 231663901,375.3100000,5600.0000000,0.8907740,2018-09-05 18:49:20,1
TIC 402026209,267.2060000,5436.0000000,0.8949740,2018-11-29 21:52:42,1
TIC 353459965,192.5160000,5663.5500000,0.8950950,2023-02-08 21:13:36,1
TIC 48506505,268.0410000,5461.5400000,0.8974030,2021-10-07 00:18:57,1
TIC 142394656,109.5570000,5091.2000000,0.9000000,2019-10-17 00:30:12,1
TIC 99834717,262.7060000,4974.0000000,0.9000000,2020-03-12 15:35:30,1
TIC 61733521,167.2400000,5420.0000000,0.9000000,2020-09-18 21:10:22,0
TIC 232568235,101.2510000,5432.0000000,0.9000000,2020-09-23 20:39:02,1
TIC 470974162,270.5180000,4992.1000000,0.9000000,2021-06-23 15:20:11,0
TIC 427348923,149.9530000,4425.0000000,0.9000000,2019-02-27 22:16:31,0
TIC 460984940,64.5997000,5849.0000000,0.9000000,2019-06-05 19:57:36,1
TIC 130181866,22.4035000,5694.1100000,0.9029320,2020-02-19 23:47:13,1
TIC 130181866,22.4035000,5694.1100000,0.9029320,2020-02-20 19:59:15,1
TIC 238176110,149.9420000,4920.0000000,0.9066550,2018-09-05 18:49:20,1
TIC 178819686,95.1274000,5767.0000000,0.9067610,2019-06-11 20:03:40,1
TIC 178819686,95.1274000,5767.0000000,0.9067610,2019-06-11 20:03:40,1
TIC 35022727,300.3840000,5610.0000000,0.9076820,2021-10-21 22:56:08,1
TIC 50309953,102.2380000,5317.0000000,0.9100000,2019-08-15 15:39:14,0
TIC 233948455,360.3130000,5115.0000000,0.9100000,2021-06-23 15:16:41,1
TIC 322807371,238.3770000,5427.9000000,0.9100000,2021-12-21 22:33:25,1
TIC 365007485,246.5990000,5468.0000000,0.9100000,2024-01-25 23:12:48,1
TIC 146520535,152.6010000,4945.0000000,0.9100000,2019-07-24 14:30:01,1
TIC 122375047,218.5620000,5511.0000000,0.9118230,2023-03-02 20:05:26,1
TIC 299220166,843.6950000,5549.0000000,0.9129270,2021-09-09 19:53:46,1
TIC 219698950,283.9710000,5870.0000000,0.9130910,2019-06-11 20:03:40,1
TIC 139158696,872.3430000,5462.0000000,0.9153910,2024-10-24 17:26:53,1
TIC 14344979,325.3770000,5424.8000000,0.9161640,2020-05-29 17:45:53,1
TIC 294500964,182.9370000,5509.1000000,0.9167420,2021-03-11 23:41:59,0
TIC 6663331,535.3830000,5498.0000000,0.9200000,2019-08-16 20:20:41,1
TIC 365733349,114.8650000,6180.0000000,0.9200000,2019-10-17 00:30:12,1
TIC 269701147,53.6089000,5555.7000000,0.9200000,2019-10-30 15:08:00,1
TIC 269701147,53.6089000,5555.7000000,0.9200000,2019-10-30 15:08:00,1
TIC 269701147,53.6089000,5555.7000000,0.9200000,2019-11-15 23:57:09,1
TIC 236312126,163.5530000,5729.0000000,0.9200000,2020-06-19 06:00:39,1
TIC 103245940,512.9840000,5824.0000000,0.9200000,2021-06-04 01:29:35,0
TIC 27039476,90.0562000,5509.0000000,0.9200000,2021-11-02 00:11:47,1
TIC 6892385,197.9890000,5411.1000000,0.9200000,2022-02-08 22:12:14,1
TIC 137151335,95.9115000,5655.0000000,0.9200000,2022-12-01 22:59:55,1
TIC 229047362,211.4160000,5703.0000000,0.9200000,2019-06-11 20:03:40,1
TIC 33595516,225.7340000,5311.0000000,0.9200000,2019-07-10 19:36:45,1
TIC 269269546,751.7760000,5353.5400000,0.9220870,2021-10-07 00:19:00,1
TIC 258514800,125.4630000,5466.0000000,0.9249900,2019-11-14 17:07:15,1
TIC 341729521,113.6670000,5786.0000000,0.9262610,2019-07-24 15:58:33,0
TIC 370745311,134.9260000,5622.0000000,0.9300000,2019-07-24 18:44:12,0
TIC 468845640,102.9310000,4731.1000000,0.9300000,2019-10-30 21:47:37,0
TIC 310981412,164.1780000,6149.0000000,0.9300000,2020-03-12 14:22:11,0
TIC 202426247,45.8640000,5668.0000000,0.9300000,2020-05-18 15:28:56,1
TIC 12862099,364.5120000,5410.0000000,0.9300000,2018-11-30 22:06:23,1
TIC 77031413,233.5860000,5444.0000000,0.9300000,2018-12-20 19:43:30,0
TIC 49735922,290.4950000,5289.0000000,0.9300000,2023-12-07 19:23:07,1
TIC 413376180,341.9250000,5227.0000000,0.9314710,2019-06-11 20:03:40,1
TIC 1129033,105.1660000,5500.0000000,0.9339750,2019-02-08 20:04:48,1
TIC 37168957,764.8890000,5440.0000000,0.9340280,2019-03-28 00:07:14,1
TIC 308172249,298.2140000,4984.0000000,0.9349770,2020-08-07 21:59:54,1
TIC 391958006,213.2830000,5529.0000000,0.9377410,2022-09-22 22:57:14,1
TIC 299158887,194.0330000,5450.4000000,0.9381680,2019-12-06 22:17:30,1
TIC 27769688,223.7570000,5509.6100000,0.9399510,2021-11-01 23:15:43,1
TIC 284050395,104.3580000,5421.0000000,0.9400000,2019-12-19 20:58:20,0
TIC 322202434,133.4960000,5521.0000000,0.9400000,2019-12-19 20:58:22,0
TIC 115524421,246.3530000,5701.0000000,0.9400000,2020-06-19 07:20:04,1
TIC 287256467,77.6820000,5674.0000000,0.9400000,2020-08-07 21:59:54,1
TIC 39414571,219.6140000,5216.0000000,0.9400000,2020-10-23 19:58:28,1
TIC 4999813,474.6930000,6163.0000000,0.9400000,2021-06-04 00:47:32,0
TIC 20178111,151.5040000,5890.0000000,0.9400000,2019-02-27 22:16:31,0
TIC 195093356,296.6020000,5707.0000000,0.9400000,2022-02-28 23:23:36,0
TIC 209464063,165.3930000,5516.0000000,0.9400000,2022-07-14 20:55:45,1
TIC 344224831,361.9510000,5356.0000000,0.9400000,2023-12-12 20:14:06,0
TIC 106402532,75.2092000,5969.0000000,0.9400000,2019-06-06 16:40:58,1
TIC 299089652,298.5320000,5576.3100000,0.9406030,2023-03-02 20:05:25,1
TIC 355703913,508.8420000,5380.0000000,0.9406970,2018-10-22 18:35:39,1
TIC 89020549,163.6780000,5673.0000000,0.9408060,2018-09-05 18:51:57,1
TIC 93125144,77.8471000,4692.0000000,0.9417050,2019-03-28 00:07:14,0
TIC 274138511,267.2920000,5280.0000000,0.9450620,2019-03-14 21:38:48,0
TIC 271354351,914.6990000,5381.0000000,0.9474750,2021-09-09 19:53:43,1
TIC 356235833,83.1749000,5477.0000000,0.9500000,2020-07-28 21:38:56,0
TIC 55390413,375.7070000,4704.0000000,0.9500000,2024-05-30 23:38:58,0
TIC 46096489,194.1340000,5700.0000000,0.9500000,2019-06-17 17:15:50,1
TIC 147660201,191.4940000,5688.0000000,0.9505340,2019-05-07 15:39:33,0
TIC 410214986,44.0622000,5414.0000000,0.9519850,2018-11-09 21:01:14,1
TIC 224225541,99.5230000,5862.0000000,0.9557560,2018-11-29 21:52:42,1
TIC 13349647,386.3460000,5959.0000000,0.9595880,2019-04-05 20:18:16,1
TIC 458478250,126.2610000,5787.0000000,0.9600000,2019-08-27 16:09:25,1
TIC 232967440,132.3530000,5429.6000000,0.9600000,2019-08-27 16:09:26,1
TIC 139285832,222.8520000,5190.0000000,0.9600000,2018-12-20 19:43:30,1
TIC 194795551,217.1930000,5544.0000000,0.9600000,2021-06-04 14:05:44,1
TIC 259701242,64.4827000,5928.0000000,0.9600000,2019-01-24 19:35:19,0
TIC 453211454,48.9739000,5560.2600000,0.9600000,2019-03-15 15:42:21,1
TIC 453211454,48.9739000,5560.2600000,0.9623240,2021-03-11 23:41:25,1
TIC 332064670,12.5855000,5250.0000000,0.9635150,2020-03-12 15:35:30,1
TIC 124778445,743.9720000,5457.0000000,0.9635180,2021-02-19 00:37:59,1
TIC 393495970,185.9320000,5306.0000000,0.9652220,2022-01-25 22:30:58,1
TIC 306263608,67.5478000,5625.5600000,0.9700000,2019-12-05 16:42:06,1
TIC 306263608,67.5478000,5625.5600000,0.9700000,2022-03-24 21:52:14,1
TIC 461662295,112.9780000,5326.0000000,0.9700000,2020-02-19 00:44:40,0
TIC 178289267,279.4850000,5593.0000000,0.9700000,2020-05-29 17:45:53,1
TIC 264303333,142.0860000,5729.0000000,0.9700000,2020-09-23 20:39:01,0
TIC 45684223,461.7580000,5809.0000000,0.9700000,2021-06-04 01:36:22,0
TIC 282485660,207.8910000,5840.0000000,0.9700000,2022-01-06 22:49:37,1
TIC 41422753,438.7540000,6114.0000000,0.9700000,2022-11-02 17:59:29,0
TIC 347442932,707.5860000,6256.0000000,0.9700000,2023-05-03 22:26:20,0
TIC 184952758,84.7306000,5653.0000000,0.9700000,2019-05-24 15:54:20,0
TIC 287563610,488.1760000,5318.0000000,0.9700000,2019-06-17 17:15:53,1
TIC 321068176,187.5530000,5017.0000000,0.9727530,2020-11-24 20:55:50,0
TIC 320004517,57.2651000,5783.5400000,0.9746690,2019-08-16 20:20:47,1
TIC 391821647,214.7560000,6636.0000000,0.9751210,2019-04-30 13:04:30,0
TIC 404421005,113.1230000,5673.0000000,0.9753830,2021-11-19 00:07:17,1
TIC 393911494,121.1670000,5590.0000000,0.9762120,2020-07-15 22:35:34,0
TIC 122785299,835.3560000,5160.0000000,0.9770540,2021-11-01 23:15:50,1
TIC 142276270,84.5362000,5729.0000000,0.9777270,2020-07-16 04:56:45,1
TIC 237320326,327.5060000,5627.0000000,0.9790600,2020-11-25 21:26:32,1
TIC 360630575,79.5561000,5876.0000000,0.9800000,2019-08-12 16:22:54,1
TIC 142276270,84.5362000,5729.0000000,0.9800000,2019-08-27 12:09:00,1
TIC 142276270,84.5362000,5729.0000000,0.9800000,2019-10-17 00:30:12,1
TIC 142276270,84.5362000,5729.0000000,0.9800000,2019-11-15 23:57:09,1
TIC 229951289,165.8080000,6011.0000000,0.9800000,2019-12-19 20:58:22,0
TIC 445805961,81.2271000,5675.0000000,0.9800000,2020-02-19 00:44:40,1
TIC 183985250,80.4373000,5422.0000000,0.9800000,2018-11-03 00:53:39,1
TIC 310267134,557.8040000,5259.0000000,0.9800000,2021-06-04 14:05:42,0
TIC 176778112,109.9910000,5600.0000000,0.9800000,2019-02-08 20:04:48,0
TIC 132534906,483.1820000,6783.0000000,0.9800000,2021-12-21 22:31:53,0
TIC 402740809,320.8030000,4547.0000000,0.9800000,2023-03-30 21:13:39,0
TIC 96097215,172.0970000,5648.0000000,0.9800000,2019-05-24 18:24:57,0
TIC 219388773,106.5070000,4752.8000000,0.9820660,2019-01-31 17:54:49,0
TIC 59843967,416.4590000,5403.0000000,0.9826380,2019-02-27 22:16:31,1
TIC 360630575,79.5561000,5876.0000000,0.9832150,2022-03-24 22:19:26,1
TIC 29344935,513.0110000,5346.0000000,0.9848660,2018-09-05 18:34:19,1
TIC 73228647,106.3070000,6003.0000000,0.9866490,2024-02-01 22:49:16,1
TIC 233681149,208.6870000,5929.0000000,0.9875830,2019-10-30 21:47:36,0
TIC 399144800,161.3300000,6270.0000000,0.9896670,2019-08-26 21:37:16,0
TIC 8677530,335.7440000,5484.8000000,0.9900000,2021-06-23 15:20:56,0
TIC 73228647,106.3070000,6003.0000000,0.9900000,2019-06-11 20:03:40,1
TIC 388076005,113.8450000,5932.2000000,1.0000000,2019-12-19 20:58:22,0
TIC 224313733,210.4860000,5616.4000000,1.0000000,2020-05-08 16:49:52,0
TIC 183532609,89.9606000,5600.0000000,1.0000000,2018-11-03 00:53:39,1
TIC 168871868,262.4750000,5762.0000000,1.0000000,2021-01-06 21:28:53,0
TIC 21113347,403.5910000,5780.0000000,1.0000000,2021-06-21 18:48:11,1
TIC 459942762,66.5727000,5997.7000000,1.0000000,2019-02-08 16:19:52,0
TIC 77228304,39.4781000,5780.0000000,1.0000000,2019-06-06 20:53:59,0
TIC 19155785,148.5740000,5691.0000000,1.0000000,2021-11-02 00:11:48,0
TIC 456945304,144.2020000,5372.0000000,1.0000000,2022-05-17 20:08:56,1
TIC 400466395,388.9910000,5974.6000000,1.0000000,2024-02-29 23:27:40,0
TIC 277099925,9590.7500000,5780.0000000,1.0000000,2019-05-24 18:30:47,0
TIC 261867566,158.6490000,5565.0000000,1.0001800,2019-07-15 19:20:08,1
TIC 33692729,68.1920000,6114.0000000,1.0052800,2019-02-27 22:16:31,1
TIC 286132427,58.7453000,5914.0000000,1.0063500,2019-04-23 16:40:29,0
TIC 61205803,440.0890000,5425.9000000,1.0068901,2021-06-23 15:16:44,1
TIC 333473672,155.1410000,5914.0000000,1.0082600,2019-11-06 20:55:19,1
TIC 285272237,255.2060000,5191.0000000,1.0093600,2021-06-23 15:17:51,1
TIC 204317710,745.1160000,5700.0000000,1.0095700,2018-11-29 21:52:42,1
TIC 23650642,189.7620000,5524.0000000,1.0100000,2020-02-19 00:44:40,0
TIC 233497719,565.5190000,6051.0000000,1.0100000,2020-05-29 16:35:31,0
TIC 1100766816,115.7240000,5016.1000000,1.0100000,2020-06-19 07:20:04,0
TIC 253030300,439.8410000,6205.0000000,1.0100000,2021-06-23 15:20:14,0
TIC 68322189,365.5110000,5442.0000000,1.0100000,2022-01-06 22:49:43,0
TIC 460205581,142.4880000,6513.0000000,1.0100000,2019-06-17 17:15:57,1
TIC 273874849,720.7530000,5781.0000000,1.0103400,2022-09-22 22:57:13,1
TIC 27990610,939.7440000,5413.0000000,1.0130399,2021-10-07 00:18:59,1
TIC 181949561,213.9820000,5326.6000000,1.0134200,2022-07-07 18:50:04,1
TIC 399860444,215.3200000,5854.0000000,1.0161300,2020-08-07 21:59:54,1
TIC 14614418,624.3680000,5600.0000000,1.0165600,2019-06-11 20:03:40,1
TIC 349095149,138.4110000,5802.0000000,1.0181400,2019-08-26 21:37:04,1
TIC 49687222,133.3143000,6101.0000000,1.0185900,2018-11-29 21:52:42,0
TIC 63452790,758.7530000,5616.0200000,1.0189500,2021-09-09 19:53:44,1
TIC 97409519,448.6370000,6050.0000000,1.0200000,2018-09-05 18:49:20,1
TIC 19684256,555.1340000,5790.4000000,1.0200000,2020-05-29 17:45:53,1
TIC 308919449,130.3350000,5614.1000000,1.0200000,2020-06-17 17:40:43,0
TIC 54364414,177.3310000,5825.0000000,1.0200000,2020-06-19 07:20:03,0
TIC 143350972,49.3375000,5759.2000000,1.0200000,2019-01-31 16:53:30,0
TIC 115010361,268.5150000,5480.8000000,1.0200000,2022-02-08 22:12:14,1
TIC 219016883,290.6460000,5430.5000000,1.0200000,2022-02-28 23:23:41,1
TIC 306362738,194.5530000,5600.0000000,1.0209500,2019-02-27 22:16:31,1
TIC 60286662,564.4540000,5545.3000000,1.0230401,2022-02-08 22:12:13,1
TIC 175772482,398.2760000,5878.0000000,1.0257300,2022-07-07 18:50:03,1
TIC 259506033,338.8400000,5464.2000000,1.0259200,2021-06-23 15:18:23,1
TIC 136916387,14.6820000,5739.0000000,1.0260700,2020-06-17 20:50:03,1
TIC 136916387,14.6820000,5739.0000000,1.0260700,2022-04-20 20:30:04,1
TIC 136916387,14.6820000,5739.0000000,1.0260700,2024-02-01 23:06:59,1
TIC 35516889,268.3250000,5568.0000000,1.0280499,2019-05-07 15:39:33,1
TIC 286099128,397.3130000,5817.7000000,1.0289600,2021-06-16 22:56:31,1
TIC 372172128,259.9470000,5728.0000000,1.0291700,2020-09-18 16:26:01,1
TIC 344926234,92.8368000,5872.0000000,1.0291800,2019-04-23 16:40:29,0
TIC 343019899,146.8580000,5769.0000000,1.0300000,2019-10-30 21:47:37,1
TIC 168699373,347.8500000,5115.1600000,1.0300000,2020-05-07 18:04:46,1
TIC 420645189,158.4930000,5937.0000000,1.0300000,2020-05-29 16:46:26,0
TIC 420645189,158.4930000,5937.0000000,1.0300000,2020-10-07 20:11:14,0
TIC 383666033,263.5130000,6138.0000000,1.0300000,2021-06-04 01:29:42,0
TIC 229091748,506.6200000,5777.0000000,1.0300000,2018-12-20 19:43:30,0
TIC 427332229,275.9940000,6427.0000000,1.0300000,2021-10-21 22:56:08,1
TIC 312899686,519.6940000,6006.0000000,1.0300000,2022-02-28 23:23:53,0
TIC 22221375,45.6830000,5903.0000000,1.0300000,2019-05-07 15:39:33,1
TIC 158388163,630.7850000,5501.0000000,1.0312200,2021-09-09 19:53:45,1
TIC 293457754,437.4950000,5887.0000000,1.0321000,2021-11-09 21:10:51,1
TIC 404518509,79.2080000,5871.0000000,1.0356300,2021-07-27 02:26:32,0
TIC 280210963,1126.3700000,5675.0000000,1.0367399,2019-03-28 00:07:14,1
TIC 178879588,623.2320000,5735.0000000,1.0386500,2020-05-29 17:45:53,1
TIC 360742636,248.4600000,5659.0000000,1.0399700,2019-08-16 20:20:48,1
TIC 409794137,152.8920000,5623.0000000,1.0400000,2019-12-05 19:41:20,1
TIC 441732151,169.7880000,6025.3000000,1.0400000,2019-12-19 20:58:20,0
TIC 417705690,130.5430000,5420.0000000,1.0400000,2020-01-29 22:18:55,0
TIC 252479260,81.7647000,5357.7000000,1.0400000,2020-03-12 15:35:30,1
TIC 118956453,305.6030000,5515.0000000,1.0400000,2020-05-29 17:45:53,1
TIC 1167538,148.9870000,5825.0000000,1.0400000,2021-01-06 21:30:16,1
TIC 277871306,156.2910000,5863.0000000,1.0400000,2021-05-06 23:22:41,0
TIC 456042145,620.2640000,6791.0000000,1.0400000,2021-06-23 15:24:11,0
TIC 325670253,403.4580000,5080.0000000,1.0408000,2024-09-24 23:12:39,1
TIC 55383975,223.8820000,5354.9600000,1.0417000,2019-04-30 13:04:27,0
TIC 243333538,880.9410000,6126.0000000,1.0417200,2021-09-09 19:53:46,0
TIC 404610583,202.7730000,6084.0000000,1.0424401,2022-11-16 01:06:41,0
TIC 138364831,938.7150000,5483.7400000,1.0442600,2021-11-01 23:15:42,1
TIC 117689799,299.9990000,5863.0000000,1.0453500,2021-06-23 15:10:46,0
TIC 53728859,401.3190000,5698.3800000,1.0461299,2022-12-15 22:35:22,1
TIC 266980320,94.1719000,5586.0000000,1.0500000,2018-09-05 18:51:57,1
TIC 368435330,82.3432000,5922.0000000,1.0500000,2020-04-15 12:38:54,1
TIC 368435330,82.3432000,5922.0000000,1.0500000,2022-03-24 21:38:37,1
TIC 390157607,786.7830000,6721.0000000,1.0500000,2021-06-04 01:36:25,0
TIC 367333043,617.3660000,6131.0000000,1.0500000,2021-06-23 15:24:13,0
TIC 8260536,130.8550000,6017.1000000,1.0500000,2022-03-24 21:38:40,1
TIC 8260536,130.8550000,6017.1000000,1.0500000,2022-03-24 21:38:39,1
TIC 219205407,164.4580000,5008.3000000,1.0500000,2019-04-01 16:52:00,0
TIC 120255950,185.8750000,5696.0000000,1.0517800,2021-11-01 23:15:46,1
TIC 350153977,175.7480000,5500.0000000,1.0523601,2019-07-15 19:20:11,1
TIC 272366748,1257.1600000,5741.0000000,1.0526800,2022-10-12 18:12:37,1
TIC 48448369,334.7970000,5819.7200000,1.0546401,2023-03-02 20:05:26,1
TIC 258777137,112.8680000,5095.6000000,1.0600000,2019-08-27 16:09:27,0
TIC 157266693,585.7700000,5697.0000000,1.0600000,2020-05-29 17:45:53,1
TIC 293567206,185.8490000,5829.0000000,1.0600000,2020-08-10 17:26:49,0
TIC 99330090,295.4310000,6307.0000000,1.0600000,2021-06-23 15:22:05,0
TIC 98613492,317.2920000,5589.0000000,1.0600000,2023-05-03 22:24:16,0
TIC 261141602,239.0550000,4812.0000000,1.0600000,2024-05-30 23:38:57,0
TIC 243200602,172.2560000,5625.0000000,1.0600000,2019-06-17 17:15:52,1
TIC 159098316,639.4110000,5482.5900000,1.0606200,2021-10-07 00:18:58,1
TIC 257774438,101.3210000,6101.0000000,1.0623000,2021-12-03 00:56:02,1
TIC 89702406,260.3830000,5356.0000000,1.0635600,2021-11-18 23:46:29,0
TIC 368805700,392.7910000,5849.0900000,1.0635800,2022-07-07 18:50:03,1
TIC 26017005,333.0420000,5198.0000000,1.0639499,2021-10-21 22:57:22,1
TIC 19342878,211.7300000,5595.4000000,1.0670201,2023-03-23 19:52:44,1
TIC 311408969,511.3880000,5852.0000000,1.0672500,2020-07-29 05:13:33,1
TIC 464296022,78.4127300,4807.6000000,1.0700000,2019-07-24 18:44:12,0
TIC 201604954,353.8910000,5670.0000000,1.0700000,2019-08-16 20:20:44,1
TIC 445859771,177.1180000,5736.0000000,1.0700000,2019-10-17 00:30:12,1
TIC 373693175,294.4190000,5555.0500000,1.0700000,2020-04-15 12:38:54,1
TIC 114299824,609.8380000,6781.0000000,1.0700000,2020-05-29 17:45:53,1
TIC 268301217,415.1350000,5707.0000000,1.0700000,2020-06-02 17:11:59,1
TIC 157698565,200.2730000,5581.0000000,1.0700000,2021-03-29 18:41:38,1
TIC 148233571,361.8110000,5544.7000000,1.0700000,2021-06-03 22:07:23,0
TIC 463203560,206.3000000,6211.0000000,1.0700000,2021-06-04 01:29:34,0
TIC 294599100,449.3270000,5848.0000000,1.0700000,2021-06-23 15:11:39,0
TIC 444013020,273.7030000,5785.7900000,1.0700800,2021-03-11 23:41:58,1
TIC 70440470,573.0270000,5751.0000000,1.0722400,2018-11-07 18:01:53,1
TIC 89535068,162.1480000,5725.0000000,1.0723500,2020-06-17 20:08:07,0
TIC 26547036,109.1900000,5842.0000000,1.0735199,2020-06-17 20:19:42,1
TIC 281196902,322.3560000,5354.0000000,1.0760700,2021-06-23 15:18:31,1
TIC 77031414,232.9800000,6286.0000000,1.0766100,2018-11-29 21:52:42,1
TIC 156991337,169.1170000,5846.0000000,1.0790700,2019-05-02 15:06:42,0
TIC 120247528,290.1980000,5639.0000000,1.0797300,2019-08-16 20:20:42,1
TIC 356473034,154.2730000,5267.0000000,1.0800000,2020-02-19 23:47:13,1
TIC 239638934,184.5140000,5633.0000000,1.0800000,2021-03-18 22:24:55,0
TIC 131581522,494.9850000,5657.0000000,1.0800000,2021-06-04 00:47:24,0
TIC 34505005,645.9650000,6749.0000000,1.0800000,2021-06-04 01:29:41,0
TIC 250386181,167.3060000,6321.4600000,1.0800000,2019-02-08 20:04:48,0
TIC 71396541,148.5250000,4812.0000000,1.0800000,2021-06-23 15:28:27,0
TIC 172871230,437.5170000,6109.0000000,1.0800000,2022-02-28 23:23:56,0
TIC 429304876,83.1548000,5085.0000000,1.0800000,2019-05-06 19:17:06,1
TIC 41875043,564.3940000,5708.0000000,1.0800000,2024-05-30 23:40:47,0
TIC 98669309,876.5650000,5318.0000000,1.0849200,2022-02-08 22:13:09,1
TIC 78154865,96.6355000,6030.0000000,1.0852400,2019-04-23 16:40:29,0
TIC 147797743,209.2290000,5720.0000000,1.0878299,2023-02-23 20:51:11,1
TIC 464646604,58.5146000,5985.4000000,1.0895800,2021-08-26 21:54:51,1
TIC 377780790,185.5060000,5706.0000000,1.0897400,2022-12-01 23:00:55,1
TIC 169904935,100.7110000,5613.0000000,1.0900000,2019-07-24 15:58:33,0
TIC 452803785,209.6900000,6109.0000000,1.0900000,2019-12-05 21:41:09,0
TIC 129991079,208.7710000,6175.9000000,1.0900000,2019-12-19 20:58:22,0
TIC 232038798,303.9410000,5818.8000000,1.0900000,2020-05-29 17:45:53,1
TIC 308425348,477.3220000,6271.0000000,1.0900000,2020-05-29 17:45:53,0
TIC 302766000,392.4000000,5784.0000000,1.0900000,2021-06-03 22:07:27,0
TIC 8599009,173.1170000,5541.0000000,1.0900000,2021-09-09 19:55:02,1
TIC 408549705,497.2690000,5999.0000000,1.0900000,2022-02-28 23:22:38,0
TIC 326347927,256.4730000,4780.0000000,1.0900000,2022-02-28 23:23:50,0
TIC 286865921,271.1030000,5510.0000000,1.0900000,2019-06-11 20:03:40,1
TIC 294301883,297.4620000,6070.0000000,1.0903600,2019-06-11 20:03:40,1
TIC 264508014,698.6460000,5355.0000000,1.0920600,2021-10-07 00:18:58,1
TIC 4897275,53.9740000,5853.7000000,1.0927100,2020-03-12 15:35:29,1
TIC 144440290,84.0311000,5709.0000000,1.0929000,2018-11-16 21:15:19,0
TIC 27318774,1140.9500000,5778.0000000,1.0930400,2021-10-07 00:18:58,1
TIC 184240683,309.1370000,5700.0000000,1.0941000,2018-11-29 21:52:42,1
TIC 49428710,197.2430000,5643.7700000,1.0945700,2022-02-08 22:13:10,1
TIC 52640302,369.9260000,5400.0000000,1.0953900,2019-02-22 14:51:22,1
TIC 43647325,202.2180000,6072.0000000,1.0977401,2019-02-08 16:19:52,1
TIC 219208037,148.4620000,4456.2000000,1.0981300,2021-02-03 22:59:10,0
TIC 48217457,1145.2800000,5983.0000000,1.0992100,2021-09-09 19:53:46,1
TIC 393818343,93.7345000,5657.0000000,1.0999300,2024-02-01 21:37:08,1
TIC 128501004,129.2840000,5558.0000000,1.1000000,2019-11-12 16:59:56,0
TIC 437261733,642.8840000,5652.0000000,1.1000000,2020-05-29 17:45:53,1
TIC 146836153,602.9350000,5744.0000000,1.1000000,2021-06-04 00:47:32,0
TIC 189380158,666.8020000,6026.0000000,1.1000000,2021-06-23 15:16:43,1
TIC 75208638,407.3740000,7192.0000000,1.1000000,2021-07-12 14:44:38,0
TIC 9155187,276.2110000,5521.9500000,1.1000700,2022-03-01 00:00:34,1
TIC 424435940,290.4040000,5930.0000000,1.1001300,2020-01-14 19:29:36,1
TIC 219239945,217.6210000,5837.0000000,1.1008900,2019-05-17 19:12:59,0
TIC 457939414,171.1270000,5579.5000000,1.1045600,2020-06-17 20:08:08,0
TIC 140691463,355.6830000,5638.0000000,1.1064600,2018-09-05 18:34:59,1
TIC 309257814,256.3450000,5237.0000000,1.1072299,2019-06-11 20:03:40,0
TIC 347329162,321.0840000,5797.0000000,1.1100000,2020-04-15 12:38:54,1
TIC 334911765,191.8770000,5586.2000000,1.1100000,2020-06-17 17:40:44,0
TIC 219821826,455.4080000,5980.0000000,1.1100000,2020-09-23 20:39:02,0
TIC 41865539,472.6130000,5875.0000000,1.1100000,2018-12-20 19:43:30,0
TIC 9032368,741.2570000,5997.0000000,1.1100000,2018-12-20 19:43:30,0
TIC 39077574,715.5930000,5886.6000000,1.1100000,2021-06-23 15:20:56,0
TIC 461538935,348.6920000,6655.0000000,1.1100000,2021-06-23 15:28:31,0
TIC 398572544,348.4940000,6134.0000000,1.1100000,2021-10-21 22:56:07,1
TIC 333657795,63.6796000,5640.0000000,1.1100000,2021-10-21 22:56:08,1
TIC 102264230,264.7800000,5576.0000000,1.1100000,2021-10-21 22:57:23,1
TIC 468987719,528.8250000,5645.0000000,1.1100000,2019-03-14 21:38:48,1
TIC 277128619,329.3040000,5520.0000000,1.1100000,2022-01-06 22:41:13,1
TIC 274122380,355.2010000,5856.0000000,1.1100000,2022-02-28 23:23:51,0
TIC 437242640,132.0960000,5700.0000000,1.1100000,2019-05-15 18:24:37,1
TIC 250484865,96.3043000,5998.0000000,1.1100000,2019-07-12 19:27:36,0
TIC 190998418,367.6580000,5583.0000000,1.1145999,2019-12-05 16:42:06,1
TIC 168281028,343.5250000,5677.0000000,1.1156300,2023-04-13 19:49:20,1
TIC 160148385,352.4640000,5540.0000000,1.1165500,2018-11-29 21:52:42,1
TIC 100990000,62.7792000,6101.0000000,1.1167200,2019-05-07 17:42:36,1
TIC 100990000,62.7792000,6101.0000000,1.1167200,2019-05-17 18:40:33,1
TIC 159510109,97.3391000,5894.7000000,1.1179000,2019-08-27 16:09:25,0
TIC 162577466,679.4110000,5801.0000000,1.1179200,2021-06-23 15:26:07,0
TIC 437333618,471.1580000,5715.0000000,1.1185200,2019-06-17 17:15:56,1
TIC 24358417,313.9960000,5523.0000000,1.1200000,2020-10-23 19:58:26,1
TIC 310002617,301.6760000,6071.0000000,1.1200000,2021-06-23 15:28:20,1
TIC 84126162,684.5070000,5821.5000000,1.1200000,2024-02-29 23:27:22,0
TIC 239816546,361.8570000,5639.0000000,1.1214100,2021-03-18 22:24:55,1
TIC 1003831,199.5810000,5752.0000000,1.1219600,2019-04-05 20:18:16,1
TIC 36440357,726.4120000,6190.0000000,1.1227100,2019-03-28 00:07:14,1
TIC 300011941,189.1480000,5789.5800000,1.1271300,2021-07-28 20:06:26,0
TIC 159054620,1351.1700000,5368.0000000,1.1277200,2022-12-01 23:00:56,1
TIC 61538902,301.4620000,5900.0000000,1.1278300,2019-06-11 20:03:40,1
TIC 17005768,150.1020000,5766.0000000,1.1282001,2019-12-05 16:42:06,0
TIC 237913194,306.0630000,5713.0000000,1.1289800,2020-08-10 18:29:44,1
TIC 76419763,303.3360000,5833.0000000,1.1295600,2020-08-07 21:59:54,1
TIC 138361973,153.7430000,5900.4000000,1.1300000,2019-09-03 15:31:12,0
TIC 403224672,48.0883000,5795.2900000,1.1300000,2018-09-05 18:51:57,1
TIC 332154944,143.5750000,6082.0000000,1.1300000,2019-12-19 20:58:21,0
TIC 230982885,151.0680000,5640.0000000,1.1300000,2018-11-03 00:53:39,1
TIC 231703293,540.6320000,6164.0000000,1.1300000,2021-04-12 21:05:09,0
TIC 9102327,304.9420000,5963.0000000,1.1300000,2018-12-20 19:43:30,0
TIC 360816293,280.3550000,5083.0000000,1.1300000,2021-06-04 13:54:16,0
TIC 291147951,721.6770000,5854.0000000,1.1300000,2021-06-23 15:11:40,0
TIC 255918903,641.9690000,5878.0000000,1.1300000,2021-07-12 14:52:25,0
TIC 6653897,317.5660000,6238.2000000,1.1300000,2022-04-20 18:22:52,0
TIC 300557619,310.2110000,5848.0000000,1.1300000,2019-01-18 16:50:41,0
TIC 17865622,,6011.2000000,1.1347600,2021-06-23 15:11:40,1
TIC 281909674,1148.9300000,5945.0000000,1.1370699,2019-03-28 00:07:14,1
TIC 388104525,302.4480000,5650.0000000,1.1373200,2019-05-07 17:42:43,1
TIC 263003176,57.5846000,6295.7000000,1.1374201,2018-09-05 18:34:18,1
TIC 232967666,209.6180000,5807.0000000,1.1400000,2019-08-27 16:09:25,0
TIC 64553698,194.9930000,6057.0000000,1.1400000,2019-10-30 21:47:37,0
TIC 363761216,196.5380000,5887.0000000,1.1400000,2020-06-19 07:20:04,0
TIC 151483286,312.6740000,5758.5000000,1.1400000,2021-06-04 00:47:24,1
TIC 372596796,455.3040000,5971.0000000,1.1400000,2021-06-04 13:54:21,0
TIC 130191319,446.4530000,6056.0000000,1.1400000,2021-06-16 22:56:24,0
TIC 219379012,167.0090000,5973.5000000,1.1400000,2019-01-16 19:24:30,0
TIC 344600402,182.2380000,5678.0000000,1.1400000,2021-08-27 02:40:31,0
TIC 49043968,362.0870000,6132.0000000,1.1417201,2023-04-27 20:49:01,1
TIC 339250695,587.2190000,5947.0000000,1.1428699,2021-06-23 15:18:26,0
TIC 294179385,289.3720000,6075.0000000,1.1439400,2019-11-18 17:30:16,1
TIC 383390264,105.0960000,6153.0000000,1.1458200,2019-08-16 20:20:49,1
TIC 268159158,1065.3700000,5490.0000000,1.1471500,2023-03-02 20:05:26,1
TIC 380589029,494.1820000,6346.0000000,1.1475900,2019-08-16 20:20:49,1
TIC 318608749,205.4300000,6033.0000000,1.1484900,2019-08-15 15:39:13,0
TIC 198384408,26.9148000,5470.1600000,1.1485000,2020-01-30 21:16:42,0
TIC 154872375,114.0480000,5962.7000000,1.1500000,2019-08-27 16:09:24,1
TIC 261136679,18.2702000,5950.0000000,1.1500000,2019-05-07 17:42:40,1
TIC 393940766,395.2570000,5814.3000000,1.1500000,2018-09-05 18:52:24,1
TIC 369861731,403.5820000,5617.0000000,1.1500000,2021-06-04 14:05:40,0
TIC 139118482,332.5650000,6179.1000000,1.1500000,2021-06-23 15:22:52,0
TIC 80029842,502.2800000,6536.0000000,1.1500000,2021-12-21 22:31:49,0
TIC 179159972,224.4880000,5947.5000000,1.1500000,2019-07-24 15:58:33,0
TIC 308034948,1698.5500000,5824.0000000,1.1512000,2019-08-26 21:36:57,0
TIC 305243225,364.8130000,5918.2300000,1.1517600,2022-09-22 22:57:15,1
TIC 287156968,143.1380000,5696.0000000,1.1528100,2019-08-26 19:21:33,1
TIC 269217040,188.4040000,5883.0000000,1.1559900,2023-09-21 21:35:31,1
TIC 229400092,265.4710000,5418.3000000,1.1561400,2020-05-07 18:04:46,1
TIC 281459670,342.1400000,5943.0000000,1.1570600,2018-11-14 15:06:55,1
TIC 108939482,927.7540000,6325.0000000,1.1588500,2021-07-12 14:39:21,0
TIC 399794420,1490.9400000,5703.0000000,1.1598600,2021-10-07 00:18:58,1
TIC 237108272,117.6520000,5845.0000000,1.1600000,2020-04-17 11:50:40,0
TIC 124379043,494.8180000,6384.0000000,1.1600000,2021-06-03 22:07:30,1
TIC 387603144,296.0120000,6223.0000000,1.1600000,2021-06-23 15:26:00,0
TIC 408729765,610.5920000,5999.0000000,1.1600000,2021-06-23 15:28:28,0
TIC 135083444,183.1750000,6071.0000000,1.1627100,2020-04-15 12:38:54,0
TIC 268924036,1302.3300000,5767.0000000,1.1687500,2021-10-07 00:19:00,1
TIC 366989877,88.4343000,6122.0000000,1.1700000,2019-08-16 20:20:48,1
TIC 353586703,502.1700000,6405.0000000,1.1700000,2023-05-03 22:25:19,0
TIC 23434737,64.9943000,5742.2200000,1.1732100,2019-08-26 21:36:04,1
TIC 186000935,156.3380000,5992.0000000,1.1800000,2019-10-17 00:30:12,0
TIC 346338552,158.9790000,6051.2000000,1.1800000,2019-10-30 21:47:37,1
TIC 371188886,175.7130000,5400.0000000,1.1800000,2020-06-17 20:08:08,1
TIC 371188886,175.7130000,5400.0000000,1.1800000,2022-03-24 22:19:25,1
TIC 20892672,629.7920000,5894.0000000,1.1800000,2018-12-20 19:43:30,0
TIC 159334269,915.0930000,6409.0000000,1.1800000,2021-06-23 15:26:07,0
TIC 54085154,87.2682000,6380.0000000,1.1800000,2019-05-07 15:39:33,0
TIC 77044471,757.0440000,5738.0000000,1.1827400,2018-11-29 21:52:42,1
TIC 271596418,230.6970000,5670.4500000,1.1832900,2019-07-12 16:20:28,0
TIC 399402994,398.5050000,5962.0000000,1.1867800,2022-09-22 22:57:17,1
TIC 160162987,232.3040000,5752.0000000,1.1900000,2020-08-10 17:26:49,0
TIC 169249234,438.8420000,5758.3000000,1.1900000,2021-03-02 22:57:47,1
TIC 420814525,48.3016000,6052.0000000,1.1900000,2022-11-16 01:06:44,1
TIC 401604346,337.0640000,6079.0000000,1.1965300,2020-09-18 16:26:01,1
TIC 4426490,468.4060000,5983.3000000,1.1968300,2023-12-21 22:11:12,0
TIC 262662119,453.0990000,5846.0000000,1.1971000,2021-10-21 22:57:21,1
TIC 7088246,639.0040000,5780.0000000,1.2000000,2019-08-16 20:20:41,1
TIC 308098254,310.8410000,5473.0000000,1.2000000,2020-05-29 17:45:53,1
TIC 332558858,508.6860000,5517.0000000,1.2000000,2020-10-23 19:58:29,1
TIC 169187982,845.7210000,6479.0000000,1.2000000,2021-06-23 15:11:43,0
TIC 9033144,157.6670000,5756.9000000,1.2000000,2018-12-20 19:43:30,0
TIC 289316336,337.3620000,6171.0000000,1.2000000,2021-06-23 15:28:21,0
TIC 38686737,746.6460000,6846.0000000,1.2000000,2019-02-08 16:19:52,0
TIC 252537013,203.9680000,5940.0000000,1.2000000,2024-02-01 22:28:20,0
TIC 330690135,343.9900000,5790.7000000,1.2017400,2022-02-08 22:13:08,1
TIC 149603524,175.6310000,6280.0000000,1.2100000,2019-05-07 17:42:37,1
TIC 440100539,96.5232000,5861.6000000,1.2100000,2019-12-05 21:41:11,0
TIC 307111282,186.6650000,5791.0000000,1.2100000,2019-12-19 20:58:21,0
TIC 20182165,50.3098000,6327.1600000,1.2100000,2020-05-07 18:04:46,0
TIC 115446313,174.9320000,6109.0000000,1.2100000,2020-09-30 13:26:56,0
TIC 209459275,233.2660000,5972.0000000,1.2100000,2019-04-04 21:13:03,1
TIC 174143743,206.7550000,6629.0000000,1.2100000,2019-05-24 18:24:57,0
TIC 229141709,446.8150000,6316.3000000,1.2100000,2019-07-10 19:36:45,0
TIC 260271203,969.5060000,5963.0000000,1.2102500,2019-01-31 17:54:50,0
TIC 178367144,253.9850000,6316.0000000,1.2106900,2019-07-24 15:58:33,1
TIC 207077681,355.5130000,4879.0000000,1.2116300,2020-05-29 17:45:53,1
TIC 253990973,133.1710000,5525.0000000,1.2193500,2019-08-16 20:20:44,0
TIC 143994283,235.9740000,6022.6000000,1.2200000,2019-07-24 17:08:12,0
TIC 31858843,197.9960000,5703.0000000,1.2200000,2019-08-16 20:20:41,1
TIC 403287048,376.8490000,6347.0000000,1.2200000,2018-09-05 18:52:24,0
TIC 448589187,539.3600000,6229.0000000,1.2200000,2021-04-29 22:53:08,1
TIC 361343239,,5356.0000000,1.2200000,2021-06-04 01:29:37,1
TIC 87597187,,6247.6000000,1.2200000,2021-06-23 15:18:28,0
TIC 376939759,635.7220000,5633.4000000,1.2200000,2021-10-21 22:57:22,1
TIC 68577662,130.7200000,5981.0000000,1.2200000,2021-11-02 00:11:48,1
TIC 406443564,760.6060000,6611.0000000,1.2200000,2021-12-21 22:38:11,0
TIC 307733361,188.9590000,6115.5000000,1.2200000,2022-01-06 23:39:37,1
TIC 175236511,446.8210000,5906.9000000,1.2200000,2022-01-25 22:18:31,1
TIC 110936761,198.2630000,5651.0000000,1.2200000,2022-09-22 22:56:09,0
TIC 388909695,194.3330000,5660.0000000,1.2200000,2022-10-12 17:37:23,1
TIC 53458803,389.5700000,5711.0000000,1.2295901,2020-05-29 17:45:53,1
TIC 367099243,244.3180000,6046.3000000,1.2300000,2019-10-30 21:47:36,0
TIC 170103435,204.1660000,6317.0000000,1.2300000,2021-03-02 22:28:41,0
TIC 325680697,115.1240000,5773.7400000,1.2300000,2019-02-08 20:04:48,0
TIC 32408928,656.3260000,6259.0000000,1.2300000,2021-07-12 14:39:20,0
TIC 120317234,228.4390000,6133.7700000,1.2300000,2022-12-01 23:00:58,1
TIC 250707118,313.5760000,6086.0000000,1.2305200,2023-01-20 00:26:40,1
TIC 207501148,167.5420000,5879.0000000,1.2362300,2020-10-05 21:01:55,0
TIC 4616072,772.1100000,6675.0000000,1.2373300,2019-02-22 14:51:22,1
TIC 144065872,137.5440000,5630.0000000,1.2382400,2018-09-05 18:49:20,1
TIC 288185138,224.4440000,6105.0000000,1.2400000,2019-08-27 16:09:24,0
TIC 376637093,247.0540000,6485.0000000,1.2400000,2019-12-05 21:41:10,1
TIC 22843856,163.4900000,6019.0000000,1.2400000,2020-01-24 23:33:41,0
TIC 124095888,395.0460000,6423.0000000,1.2400000,2020-10-23 19:58:28,0
TIC 27064468,160.4140000,6223.0000000,1.2400000,2022-01-25 22:18:26,1
TIC 27064468,160.4140000,6223.0000000,1.2400000,2022-02-08 22:12:14,1
TIC 453064665,348.8150000,5596.0000000,1.2406000,2023-02-08 21:13:33,1
TIC 25155310,216.5260000,5800.0000000,1.2417500,2019-05-07 17:42:34,1
TIC 191284318,226.6370000,6140.0000000,1.2418200,2019-12-05 16:42:06,1
TIC 468574941,289.6680000,6081.0000000,1.2431901,2020-06-19 07:20:04,1
TIC 301051430,302.9440000,6049.0000000,1.2460999,2019-07-23 18:22:48,0
TIC 200807066,110.2470000,5908.0000000,1.2484100,2019-07-12 16:20:28,0
TIC 354594208,163.0830000,5904.0000000,1.2500000,2019-12-05 21:41:09,0
TIC 344085117,415.1370000,5832.0000000,1.2500000,2020-10-23 19:58:28,0
TIC 309436531,522.6630000,6189.4000000,1.2500000,2021-06-04 13:54:26,0
TIC 1965256662,440.7080000,6017.0000000,1.2500000,2021-06-23 15:11:43,0
TIC 2016376984,490.7010000,5770.0000000,1.2500000,2021-06-23 15:24:11,0
TIC 257567854,317.6520000,6153.0000000,1.2500000,2019-02-08 20:04:48,1
TIC 141488193,319.6320000,6433.0000000,1.2500000,2021-06-23 15:28:26,1
TIC 157528286,706.6790000,6044.0000000,1.2500000,2021-07-12 14:39:23,0
TIC 408310006,114.1730000,6313.0000000,1.2500000,2019-04-05 20:18:18,1
TIC 63303499,203.5320000,5952.0000000,1.2500000,2019-05-06 17:51:17,0
TIC 349576261,339.6050000,5965.9900000,1.2523100,2021-10-28 01:52:38,1
TIC 149845414,107.1180000,5846.2900000,1.2532400,2021-03-11 23:41:58,1
TIC 55315929,109.8600000,5910.0000000,1.2550499,2022-05-17 20:08:55,1
TIC 162689341,575.8890000,6046.7600000,1.2561899,2020-05-07 18:04:46,1
TIC 61980227,539.4860000,6764.0000000,1.2584400,2020-10-01 13:35:30,0
TIC 417676622,144.1660000,5875.2300000,1.2600000,2019-10-17 00:30:12,1
TIC 188768068,27.0498000,5801.8900000,1.2600000,2019-12-05 16:42:06,1
TIC 450327768,191.5320000,5776.0000000,1.2600000,2020-03-12 14:22:11,0
TIC 17993892,277.2780000,5634.0000000,1.2600000,2020-04-15 12:38:54,1
TIC 364075352,310.8850000,6641.0000000,1.2600000,2020-08-10 17:26:49,0
TIC 180991313,416.7840000,5960.4000000,1.2600000,2020-10-23 19:58:26,1
TIC 158623531,169.2720000,5070.0000000,1.2600000,2018-12-20 17:24:11,1
TIC 178162579,460.9950000,6019.0000000,1.2600000,2021-06-04 00:47:27,1
TIC 292152376,289.2050000,6340.0000000,1.2630399,2023-01-20 00:26:41,1
TIC 98283926,800.3770000,6208.0000000,1.2652600,2020-05-29 17:45:53,1
TIC 120585579,577.4890000,6083.0000000,1.2666000,2018-11-29 21:52:42,0
TIC 141631253,327.4630000,7051.0000000,1.2684000,2021-06-04 01:29:39,0
TIC 437248515,383.8290000,6302.0000000,1.2686700,2019-05-07 15:39:33,1
TIC 30329585,216.5170000,6229.0000000,1.2700000,2019-09-03 15:31:12,0
TIC 231736113,414.2300000,6519.0000000,1.2700000,2019-10-31 22:56:30,1
TIC 199376584,80.6665000,6125.0000000,1.2700000,2019-11-21 21:28:29,1
TIC 461387302,234.4550000,6406.0000000,1.2700000,2019-12-19 20:58:22,0
TIC 287080092,113.3350000,6114.0000000,1.2700000,2020-02-27 22:12:19,1
TIC 167418898,204.2070000,5951.0000000,1.2700000,2019-01-16 19:24:30,0
TIC 339733013,186.8070000,5834.2000000,1.2700000,2019-01-16 19:24:28,0
TIC 239722954,602.4130000,5666.0000000,1.2700000,2022-04-20 18:22:51,0
TIC 466206508,348.8490000,5392.9000000,1.2700000,2022-05-17 20:07:48,1
TIC 327952677,488.3870000,5864.0000000,1.2707100,2018-12-20 19:43:30,1
TIC 162802770,344.0450000,6309.0000000,1.2713200,2021-04-29 22:53:08,1
TIC 16288184,314.9950000,6599.0000000,1.2714601,2019-07-15 19:20:04,1
TIC 234112540,882.4720000,6100.0000000,1.2729900,2019-03-28 00:07:14,1
TIC 258871793,627.6270000,5954.0000000,1.2752000,2020-05-07 18:04:46,0
TIC 166739520,157.9630000,6038.0000000,1.2752700,2018-12-20 17:24:11,1
TIC 123495874,722.7950000,5883.0000000,1.2799200,2020-08-10 18:29:44,1
TIC 31858844,,5740.0000000,1.2800000,2019-08-16 20:20:41,0
TIC 220518305,234.1380000,5823.9000000,1.2800000,2018-09-05 18:34:59,0
TIC 253917293,341.8540000,5935.0000000,1.2800000,2018-09-05 18:52:24,0
TIC 335996558,238.0610000,6168.0000000,1.2800000,2020-06-19 07:20:03,0
TIC 419946164,629.8940000,6394.0000000,1.2800000,2021-06-04 13:54:19,0
TIC 178155732,31.9640000,6308.3100000,1.2800000,2019-02-08 20:04:48,1
TIC 36592530,294.0010000,6089.0000000,1.2800000,2021-10-21 22:56:08,1
TIC 126171392,675.8950000,5932.0000000,1.2800000,2022-11-08 19:58:11,0
TIC 369455629,327.6020000,5614.8600000,1.2801700,2020-09-18 16:26:02,1
TIC 48103627,562.2560000,6122.0000000,1.2830600,2019-05-07 15:39:33,1
TIC 32487566,252.7590000,6034.0000000,1.2842700,2020-11-06 18:59:46,1
TIC 178155732,31.9640000,6308.3100000,1.2845000,2019-02-08 20:04:48,1
TIC 178155732,31.9640000,6308.3100000,1.2845000,2020-06-24 15:36:07,1
TIC 150271680,121.7550000,5316.6000000,1.2872500,2019-05-15 18:24:34,0
TIC 61117473,520.1560000,6504.0000000,1.2900000,2021-06-04 13:54:13,0
TIC 176984236,266.9000000,6249.0000000,1.2900000,2019-01-16 19:24:29,0
TIC 36352297,787.9090000,5950.0000000,1.2900000,2019-03-28 00:07:14,1
TIC 273774284,932.3090000,6330.0000000,1.2900000,2022-11-08 19:58:16,0
TIC 280206394,141.8120000,6446.0000000,1.2900000,2019-05-06 19:17:05,1
TIC 263179590,275.2650000,5938.0000000,1.2906801,2021-02-19 00:37:59,1
TIC 367855829,172.2840000,5697.0000000,1.2960900,2020-09-23 20:39:01,0
TIC 183120439,407.8400000,5817.0000000,1.2966100,2018-09-05 18:52:24,1
TIC 198008005,250.4890000,5857.0000000,1.2974700,2019-07-10 19:36:45,1
TIC 346626688,319.0310000,5961.2000000,1.2983299,2021-06-23 15:17:49,1
TIC 234825296,844.0610000,5880.0000000,1.2998101,2019-03-28 00:07:14,1
TIC 379931600,,4884.5000000,1.3000000,2019-09-03 15:31:11,0
TIC 79395355,360.1310000,5926.0000000,1.3000000,2018-09-05 18:52:24,0
TIC 371234684,455.2030000,6193.0000000,1.3000000,2020-02-19 23:47:13,1
TIC 162246865,252.8100000,6237.0000000,1.3000000,2020-06-17 20:08:07,0
TIC 265077027,246.1770000,5782.5000000,1.3000000,2019-07-24 15:58:33,0
TIC 341186896,180.0200000,6635.0000000,1.3000000,2019-07-24 15:58:33,0
TIC 123106490,398.1300000,6408.0000000,1.3078400,2021-06-04 00:47:32,0
TIC 366443426,106.2890000,6352.3300000,1.3088300,2022-04-20 20:40:07,1
TIC 184679932,146.6530000,6198.0000000,1.3093700,2020-01-24 23:33:41,0
TIC 441739020,168.0670000,6453.0000000,1.3100000,2020-01-29 22:18:55,1
TIC 441739020,168.0670000,6453.0000000,1.3100000,2020-07-16 04:56:45,1
TIC 363851359,748.5850000,5652.0000000,1.3100000,2020-05-29 17:45:53,1
TIC 242460075,717.0790000,5955.0000000,1.3100000,2021-06-04 13:54:29,0
TIC 366443426,106.2890000,6352.3300000,1.3100000,2021-07-19 00:13:44,1
TIC 332630868,478.8470000,5895.4000000,1.3100000,2021-12-21 22:31:43,0
TIC 95010343,149.9690000,6474.0000000,1.3100000,2022-01-25 22:18:30,0
TIC 87044036,555.6110000,6070.0000000,1.3100000,2022-04-20 18:22:55,0
TIC 446616059,174.9790000,6030.0000000,1.3100000,2022-09-22 22:56:07,0
TIC 364107753,51.8209000,6059.0600000,1.3100000,2019-07-15 19:20:12,0
TIC 336267424,772.0260000,6835.3100000,1.3128400,2020-08-07 21:59:54,0
TIC 63898957,114.4950000,5890.3000000,1.3138300,2018-11-30 22:06:23,1
TIC 27916356,587.0390000,5613.0000000,1.3147399,2021-06-23 15:11:39,1
TIC 294179389,247.9750000,5938.0000000,1.3200000,2019-10-17 00:30:12,0
TIC 356919658,383.4320000,6404.0000000,1.3200000,2020-05-29 16:35:30,0
TIC 229791084,559.0680000,6023.0000000,1.3200000,2020-05-29 16:35:30,1
TIC 103751498,281.4980000,5783.0000000,1.3200000,2021-03-18 22:24:56,1
TIC 155807906,879.5640000,6541.0000000,1.3200000,2021-06-04 00:47:31,0
TIC 133505138,177.0180000,6529.0000000,1.3200000,2021-08-06 01:18:56,0
TIC 323658120,257.8280000,5767.0000000,1.3200000,2022-04-20 19:54:47,0
TIC 341297143,356.4060000,6247.0000000,1.3200000,2022-11-08 19:57:56,0
TIC 452483795,841.2960000,7143.0000000,1.3200000,2022-11-08 19:58:15,0
TIC 129107501,402.8160000,6364.0000000,1.3200000,2023-03-30 21:13:37,0
TIC 148523092,724.7700000,6383.0000000,1.3200000,2023-11-02 22:49:07,0
TIC 73717937,400.3310000,5846.0000000,1.3200000,2019-06-17 17:15:50,1
TIC 27774415,739.4120000,5550.9300000,1.3256700,2021-09-09 19:53:46,1
TIC 449197831,112.9580000,6092.0000000,1.3297500,2021-02-03 22:59:11,1
TIC 268042363,844.2600000,6888.0000000,1.3300000,2021-06-04 00:47:25,0
TIC 155986102,292.6820000,5446.0000000,1.3300000,2018-12-20 19:43:30,0
TIC 71134735,896.9740000,6666.8000000,1.3300000,2021-06-23 15:20:20,0
TIC 206466531,223.1450000,6000.2000000,1.3300000,2019-01-24 19:35:19,0
TIC 347430350,161.9970000,6458.0000000,1.3300000,2022-06-02 21:02:06,1
TIC 350618622,113.8250000,6461.8000000,1.3303100,2019-05-07 17:42:42,1
TIC 158170594,1086.2400000,5832.8300000,1.3340200,2019-10-17 00:30:12,1
TIC 435339558,256.0110000,5294.0000000,1.3341700,2024-04-03 22:41:11,1
TIC 166527623,127.2800000,5854.0000000,1.3372900,2023-07-20 23:27:26,1
TIC 320525204,121.1820000,5941.5000000,1.3400000,2019-08-27 16:09:25,0
TIC 95129101,343.4690000,6621.9000000,1.3400000,2020-02-19 00:44:40,0
TIC 357416482,115.6050000,6362.6000000,1.3400000,2020-06-19 06:00:39,0
TIC 190081497,233.7930000,6187.0000000,1.3400000,2021-05-06 23:22:42,0
TIC 49710555,551.1600000,5920.0000000,1.3400000,2018-12-20 19:43:30,0
TIC 114749636,436.0980000,5909.0000000,1.3400000,2018-12-20 19:43:30,1
TIC 66356824,551.6190000,5671.0000000,1.3400000,2018-12-20 19:43:30,0
TIC 455135327,213.9850000,6304.0000000,1.3400400,2019-03-14 21:38:48,1
TIC 404340025,258.7770000,6783.0000000,1.3441499,2019-06-27 18:48:45,1
TIC 245509452,396.3780000,6088.0000000,1.3454800,2021-06-23 15:17:52,1
TIC 47911178,201.2240000,6400.0000000,1.3455600,2019-02-27 22:16:31,1
TIC 169226822,159.5070000,5620.0000000,1.3473600,2019-05-06 19:17:05,1
TIC 436478932,258.4260000,5924.0000000,1.3475699,2022-11-16 01:06:40,1
TIC 100100827,123.4830000,6400.0000000,1.3500000,2018-12-20 17:24:11,1
TIC 339522221,514.5550000,6155.0000000,1.3500000,2020-05-29 17:45:53,1
TIC 160578764,508.8850000,6017.0000000,1.3500000,2020-05-29 17:45:53,1
TIC 416539317,645.7180000,6269.0000000,1.3500000,2021-06-23 15:20:14,0
TIC 155995204,958.3660000,5819.0000000,1.3500000,2018-12-20 19:43:30,0
TIC 460396820,322.1140000,6090.0000000,1.3500000,2022-07-14 20:57:23,1
TIC 345333936,543.4540000,6033.0000000,1.3500000,2023-04-03 20:51:18,0
TIC 117979897,516.5430000,6030.0000000,1.3514301,2019-02-08 16:19:52,1
TIC 455096220,506.9650000,6096.0000000,1.3567200,2019-03-14 21:38:48,1
TIC 27848472,231.1610000,6352.0000000,1.3600000,2020-08-07 21:59:53,1
TIC 76505260,761.7660000,6038.0000000,1.3600000,2021-06-04 13:54:32,0
TIC 243244680,181.6900000,6128.0000000,1.3600000,2022-01-06 23:39:34,1
TIC 377024332,140.6900000,6200.0000000,1.3600000,2024-01-25 23:12:48,0
TIC 164892194,1005.8400000,6041.0000000,1.3638800,2020-08-10 18:29:44,1
TIC 137685450,397.2920000,6181.5800000,1.3679700,2024-10-24 17:26:53,1
TIC 229536616,283.3200000,6292.0000000,1.3700000,2019-10-17 00:30:12,0
TIC 373453507,235.6080000,5600.0000000,1.3700000,2021-02-03 23:44:47,0
TIC 179033846,523.9990000,6712.0000000,1.3700000,2021-06-03 21:32:55,0
TIC 102283403,156.1390000,6627.0000000,1.3700000,2019-07-12 19:27:36,0
TIC 177722855,229.5950000,5743.0000000,1.3700000,2019-07-24 15:58:33,0
TIC 172464366,344.5170000,6332.0000000,1.3726600,2019-02-22 14:51:23,0
TIC 304774444,249.8260000,6317.0000000,1.3800000,2019-08-22 14:42:11,0
TIC 66783360,252.3960000,6483.0000000,1.3800000,2019-10-30 21:47:37,0
TIC 176685457,609.1280000,6245.0000000,1.3800000,2020-05-29 17:45:53,1
TIC 220076110,350.3430000,5449.5000000,1.3800000,2021-06-03 22:07:29,1
TIC 271900960,104.3440000,6457.7000000,1.3800000,2019-01-24 19:35:19,0
TIC 124029677,390.4840000,6408.0000000,1.3800000,2022-02-08 20:16:35,1
TIC 26583436,869.2530000,6291.9000000,1.3800000,2023-03-30 21:13:42,0
TIC 281408474,178.6800000,6174.0000000,1.3800000,2019-04-23 16:24:11,1
TIC 159725995,1898.2600000,5897.0000000,1.3818800,2021-11-01 23:15:51,1
TIC 142211778,1096.1900000,5726.0000000,1.3870800,2023-04-27 20:49:01,1
TIC 428787891,296.4600000,6243.0000000,1.3871900,2020-08-10 17:26:48,1
TIC 186599508,170.5920000,5669.9000000,1.3882600,2019-12-19 20:58:21,0
TIC 9725627,353.5390000,6362.5000000,1.3883100,2018-11-29 21:52:42,1
TIC 358516596,197.5720000,5703.0000000,1.3895100,2020-08-07 21:59:53,1
TIC 313506357,178.0030000,6023.1000000,1.3900000,2019-10-30 21:47:37,0
TIC 394029948,182.3230000,6073.0000000,1.3900000,2020-07-28 21:38:56,0
TIC 237922465,557.7330000,5515.2000000,1.3900000,2020-11-25 21:26:32,1
TIC 284254253,527.8190000,5626.0000000,1.3900000,2021-06-16 23:32:19,0
TIC 356868487,526.1660000,6327.0000000,1.3901300,2021-11-01 23:15:49,0
TIC 451599528,70.0154000,6058.6000000,1.3920300,2019-08-15 15:39:15,0
TIC 349488688,107.8980000,6329.0000000,1.3961900,2020-10-05 21:01:55,1
TIC 349488688,107.8980000,6329.0000000,1.3961900,2023-08-15 20:53:17,1
TIC 336732616,411.2110000,6351.0000000,1.4000000,2018-09-05 18:49:20,1
TIC 343648136,240.9010000,6093.0000000,1.4000000,2019-08-06 19:30:24,0
TIC 1400770435,121.1820000,5941.5000000,1.4000000,2019-10-30 21:47:36,0
TIC 470315428,222.3580000,5562.6000000,1.4000000,2020-01-29 22:18:55,0
TIC 393831507,248.5040000,5778.2000000,1.4000000,2020-04-17 11:50:40,1
TIC 229742722,224.3850000,6415.0000000,1.4000000,2020-05-08 17:43:13,1
TIC 429295277,218.4380000,5972.0000000,1.4000000,2020-06-17 20:08:08,0
TIC 178217113,348.6460000,6135.5000000,1.4000000,2022-01-06 23:39:44,1
TIC 366602797,703.6280000,6332.0000000,1.4000000,2022-02-28 23:29:45,0
TIC 449050247,206.3440000,5761.5000000,1.4000000,2019-07-24 14:30:01,0